name,use,dmlens
3D1au,1.0,0.021814242429630253
3D1ax,1.0,-0.0023150373204156305
3D1co,1.0,0.009991884862876041
3D1ew,1.0,8.080952290651089e-05
3D1fq,1.0,0.014545021877590367
3D3ay,1.0,0.008433592153936739
3D3bl,1.0,-0.03224737885634583
3D4ag,0.0,0.0
3D4au,0.0,0.0
3D4cx,0.0,0.0
3D4cz,0.0,0.0
3D4di,0.0,0.0
3D4fd,0.0,0.0
3D4gg,0.0,0.0
4D1dc,1.0,0.0003860769891274483
4D1ff,1.0,0.008940432055762698
4D1hx,0.0,0.0
4D1iv,1.0,-0.025029281512234006
4D1jg,1.0,0.009595571061573417
4D1ks,1.0,0.011176195735542932
4D1ow,1.0,0.026881770566941146
4D1pd,1.0,-0.04606393813016221
4D1pp,1.0,-0.017898882106387626
4D1qd,1.0,-0.009225598261437928
4D1rx,1.0,-0.027964763034748888
4D1si,1.0,0.027249811581920365
4D2al,1.0,-0.013537316154728904
4D2cf,0.0,0.0
4D2fs,1.0,0.010957105845449141
4D2gc,0.0,0.0
4D2iu,0.0,0.0
4D2kr,1.0,-0.19832724090022708
4D2mh,1.0,-0.008480772158721006
4D3co,0.0,0.0
4D3dd,0.0,0.0
4D3do,1.0,0.02365398408609099
4D3fk,1.0,0.003887846754732147
4D3gt,1.0,-0.020751673354867304
4D3hn,1.0,-0.0679535431528534
4D3ks,1.0,0.004686746569821279
4D3lu,1.0,0.030826131898591812
4D3ml,1.0,0.05860342141322346
4D3nh,0.0,0.0
4D3ny,1.0,0.01810923116014715
4D4an,0.0,0.0
4D4bq,0.0,0.0
4D4dw,0.0,0.0
4D4gg,0.0,0.0
4D4hu,0.0,0.0
4D4ic,0.0,0.0
4D4ih,0.0,0.0
4D4im,0.0,0.0
4D4jr,0.0,0.0
4D4jw,0.0,0.0
5D1az,0.0,0.0
5D1cc,1.0,0.0014944882057535969
5D1cl,1.0,-0.005822900295453223
5D1dx,1.0,-0.03291587551813341
5D1em,1.0,-0.006218108197658334
5D1er,1.0,-0.010532339531450927
5D1hm,0.0,0.0
5D1ix,1.0,-0.03746515868622269
5D1ke,1.0,0.01628228329867367
5D2ab,1.0,0.007107781609144885
5D2ah,0.0,0.0
5D2bt,1.0,-0.053475764444769064
5D2bw,1.0,-0.0014395312089918733
5D2cb,1.0,0.0031908995600317402
5D2ck,1.0,0.016846536885068854
5D2dt,0.0,0.0
5D2dy,1.0,0.009126998918665613
5D2ec,1.0,0.03035743065272501
5D2hc,0.0,0.0
5D2ie,1.0,0.004940657764048624
5D2mp,1.0,-0.0011724381333338037
5D2nn,1.0,0.07953932572482283
5D2ob,1.0,0.07473587259495822
5D3cf,1.0,0.002932747029867209
5D3cq,1.0,-0.10704218876283375
5D3dd,1.0,-0.01593394821615215
5D3gp,0.0,0.0
5D3ha,1.0,0.0326445951879542
5D3hs,0.0,0.0
5D3jb,1.0,-0.0013176015301437777
5D3jk,0.0,0.0
5D3jr,1.0,-0.013728279478797395
5D3kp,1.0,0.03743569216129983
5D3kx,1.0,0.004439244945000962
5D3lb,0.0,0.0
5D3lr,1.0,0.02629025782946086
5D3mn,1.0,-2.336479473941111e-05
5D3mx,1.0,-0.03609910247143275
5D4af,0.0,0.0
5D4av,0.0,0.0
5D4bf,0.0,0.0
5D4bj,0.0,0.0
5D4cn,0.0,0.0
5D4cs,0.0,0.0
5D4dt,0.0,0.0
5D4dy,0.0,0.0
5D4ej,0.0,0.0
5D4ev,0.0,0.0
5D4fg,0.0,0.0
5D4gw,0.0,0.0
6D2bk,1.0,0.008054705144480201
6D2cc,1.0,-0.0017108340922202467
6D2ce,0.0,0.0
6D2fb,1.0,-0.002043717586570855
6D2gb,0.0,0.0
6D3cc,1.0,0.0310398120018145
6D3do,1.0,0.005403492917398736
6D3ed,1.0,0.014804898762316759
6D3em,1.0,-0.004643543269555947
6D3et,1.0,0.01276290492335555
6D3gh,1.0,-0.03486839528041186
6D4bo,0.0,0.0
6D4ce,0.0,0.0
6D4co,0.0,0.0
6D4dh,0.0,0.0
3D1aw,1.0,0.01127065353122543
3D1bp,1.0,0.0064398148880221735
3D1fc,1.0,0.007161405943650558
3D3aw,1.0,0.014200101134892566
3D3ba,1.0,0.0021255215488095855
3D3cd,1.0,0.0101779333812766
3D4at,0.0,0.0
3D4cj,0.0,0.0
3D4cy,0.0,0.0
3D4dh,0.0,0.0
3D4dy,0.0,0.0
3D4gf,0.0,0.0
4D1aj,1.0,-0.017785182433629615
4D1de,1.0,-0.030158145043665624
4D1hd,1.0,0.005441037164361498
4D1hy,1.0,0.027199521562654094
4D1jd,1.0,-0.02317208450440303
4D1kj,1.0,-0.029874039020613335
4D1oh,1.0,0.005878636203713344
4D1pc,1.0,-0.017077491088977825
4D1pg,1.0,-0.011128677165737587
4D1pu,0.0,0.0
4D1rh,1.0,0.01293608690899183
4D1sa,1.0,-0.004093918648219001
4D1sk,1.0,-0.02011963016837766
4D2an,0.0,0.0
4D2fp,1.0,0.004332920291976933
4D2gb,0.0,0.0
4D2gp,1.0,0.036040624843396665
4D2ja,1.0,0.02677244778573592
4D2mc,0.0,0.0
4D2mj,1.0,0.02163284537035645
4D3cy,1.0,0.0008812914015312312
4D3df,1.0,0.0043794920548124346
4D3ez,1.0,-0.022817017118468008
4D3fq,1.0,-0.0049201468854683655
4D3gx,1.0,-0.05481712270774222
4D3kr,0.0,0.0
4D3lp,0.0,0.0
4D3mk,0.0,0.0
4D3nc,1.0,0.013991214736488844
4D3nr,1.0,-0.08568155266147534
4D3oe,1.0,-0.03785020663442161
4D4bk,0.0,0.0
4D4dm,0.0,0.0
4D4fx,0.0,0.0
4D4hf,0.0,0.0
4D4ib,0.0,0.0
4D4id,0.0,0.0
4D4ii,0.0,0.0
4D4in,0.0,0.0
4D4ju,0.0,0.0
4D4jy,0.0,0.0
5D1cb,1.0,0.015416189359856537
5D1ck,1.0,0.010032938690893257
5D1dn,1.0,-0.11788823593992057
5D1ee,1.0,-0.0591669688999954
5D1eo,1.0,-0.008523603937955121
5D1hk,1.0,-6.200893624121705e-05
5D1if,1.0,-0.05046455244089
5D1iz,1.0,0.030234308969006723
5D1kl,1.0,0.01859202785835877
5D2ac,1.0,0.0003621472428603917
5D2ay,1.0,0.005979199909887531
5D2bv,1.0,-0.029596409103501167
5D2by,1.0,-0.002749867537946926
5D2ci,0.0,0.0
5D2ct,1.0,-0.024783114220329708
5D2dw,1.0,0.015860266919526685
5D2eb,0.0,0.0
5D2fq,1.0,-0.015610291451110786
5D2he,0.0,0.0
5D2le,1.0,-0.0005374412461125466
5D2my,1.0,0.006374732492693755
5D2nt,0.0,0.0
5D3ax,1.0,-0.01794937074625419
5D3ci,1.0,0.012460849499742466
5D3cx,1.0,-0.08843246099066834
5D3dh,0.0,0.0
5D3gv,1.0,0.014703650950501065
5D3hh,1.0,-0.10720255968506619
5D3ht,1.0,-0.0018350905581107774
5D3jh,1.0,-0.04768238044250035
5D3jq,1.0,0.007315004422017261
5D3km,1.0,-0.09340364415861854
5D3kt,0.0,0.0
5D3la,1.0,0.004262083423350133
5D3lc,1.0,0.0008626493459261073
5D3mh,1.0,0.011448328071480843
5D3mq,1.0,0.003624622144426895
5D4ag,0.0,0.0
5D4be,0.0,0.0
5D4bi,0.0,0.0
5D4bm,0.0,0.0
5D4cq,0.0,0.0
5D4cw,0.0,0.0
5D4dw,0.0,0.0
5D4ef,0.0,0.0
5D4ek,0.0,0.0
5D4ff,0.0,0.0
5D4fo,0.0,0.0
5D4hn,0.0,0.0
6D2ca,1.0,0.029329449291942235
6D2cd,1.0,-0.07264593752405782
6D2ck,0.0,0.0
6D2ga,1.0,0.07398013662664564
6D3bz,0.0,0.0
6D3df,1.0,0.008348262712863153
6D3dt,1.0,-0.0014261633977961253
6D3el,1.0,-0.002267202951440346
6D3en,0.0,0.0
6D3fp,1.0,0.0066199689812700725
6D3gn,1.0,0.0044794584118001595
6D4ba,0.0,0.0
6D4bw,0.0,0.0
6D4cl,0.0,0.0
6D4cq,0.0,0.0
744,1.0,0.0011435841527288272
1112,1.0,-0.006153223531843825
1241,0.0,0.0
1371,1.0,0.0003364423802742348
1580,1.0,-0.006359823722001095
1794,1.0,0.0011435841527288272
2031,0.0,0.0
2102,1.0,0.00021808769800281158
2165,1.0,-0.015484578000948103
2422,1.0,0.0023276488317707147
2635,1.0,-0.004004592568656385
2689,1.0,0.002054639354566509
2916,0.0,0.0
2992,1.0,0.0009961106128550878
3080,1.0,0.00020656172368572687
3087,1.0,-0.002794153209549896
3317,1.0,-0.004225642233192594
3377,1.0,-0.009013066669542732
3451,1.0,0.0017067666020781276
4046,1.0,0.006197995869506047
4241,1.0,-0.014105457856745962
4679,1.0,0.0008238625243338071
5103,1.0,-0.005792379593522579
5533,1.0,0.0014835095788023611
5549,1.0,-0.0006272312925522429
5635,1.0,-0.0005267936502078509
5957,1.0,0.005372257259442064
5994,0.0,0.0
6057,1.0,-0.003110665503027525
6108,1.0,-0.0037009487000882954
6196,1.0,0.0003877050783101105
6315,1.0,-0.0011159812839625534
6422,1.0,0.0013691529982208747
6558,0.0,0.0
6924,0.0,0.0
7147,1.0,0.000912257986291511
7243,1.0,0.0012580299785977219
7779,0.0,0.0
7847,1.0,-8.888921639042639e-05
8495,1.0,0.0025107493066530906
8921,1.0,-0.002048707429724023
9032,0.0,0.0
9457,1.0,-0.0002710005726994733
9467,1.0,0.0025966095168228846
12779,1.0,0.00025255917752908065
12781,1.0,-0.0009098250323172708
12856,1.0,0.0014937443428357732
12881,0.0,0.0
12883,1.0,0.005992954641665829
12898,0.0,0.0
12927,1.0,0.0015234096443020395
12950,1.0,0.00025255917752908065
12972,0.0,0.0
13005,1.0,-5.271546935744337e-05
13038,1.0,-0.003227733891066179
13044,1.0,-0.00020008611356226347
13136,1.0,-0.019663105260737973
13152,1.0,0.003949012922127733
13254,1.0,0.002231957502794821
13411,1.0,0.0019566033106872627
13578,0.0,0.0
13610,1.0,-0.024575852426547286
13689,1.0,0.006510098690809487
13736,1.0,-0.0006762346865672941
13796,1.0,-0.00284071515478059
14019,1.0,0.0032161092547885357
14024,1.0,0.0007764789518496607
14108,0.0,0.0
14331,1.0,0.0037660841509161436
14397,1.0,-0.02123039275764293
14421,1.0,0.001760858648717385
14451,1.0,0.002209733548463754
14735,1.0,0.004337282173104838
14871,1.0,0.0011435841527288272
14979,1.0,0.0025991158517100553
15057,1.0,-0.0008274812408437821
15129,1.0,0.0019418203640606448
15161,1.0,0.0023655793204945996
15213,1.0,0.009539294864694129
15219,1.0,0.004405166062666448
15234,1.0,0.00013738681437345537
15259,1.0,-0.0068481638814677556
15287,1.0,0.00012878351146854063
15301,1.0,0.00038642981115744783
15354,1.0,0.002577659845034332
15383,1.0,0.011845662809521009
15421,1.0,-0.0001374920922100945
15440,1.0,0.0001193007922083867
15443,1.0,-0.0035143831471596957
15456,1.0,-0.012774737843679428
15461,1.0,0.000913805154435158
15467,1.0,0.004117174451260236
15583,0.0,0.0
15776,1.0,-0.04147350606854204
15868,1.0,-0.008699183744262507
15901,1.0,0.0038518046005301563
16021,1.0,-0.0001792266841426245
16032,1.0,0.001592718492431748
16073,1.0,0.002372583857638065
16093,1.0,-0.00861033165585722
16099,0.0,0.0
16106,1.0,0.004404238561273217
16116,0.0,0.0
16165,0.0,0.0
16206,1.0,0.0015532029982365846
16211,1.0,-0.0005294213065160213
16213,1.0,-0.004700603131509395
16281,1.0,0.0019750993575861587
17168,1.0,0.0006269326177562912
17215,1.0,0.0016624170105967373
17218,1.0,0.00014429114281199786
17220,1.0,-0.0022416004248391867
17240,0.0,0.0
17366,1.0,0.0006349902552377034
17389,1.0,-0.005520469170916521
17464,1.0,-0.005817472791130573
17497,1.0,0.0007961653085707878
17552,1.0,-0.026592805887116426
17784,1.0,6.3881467250555805e-06
17791,0.0,0.0
17809,1.0,-0.0008530579739389303
17811,0.0,0.0
17825,1.0,0.0008266824038568126
17875,0.0,0.0
17884,1.0,-0.004007493617481261
18030,1.0,0.001976342841395013
18241,1.0,-0.0005114413786673666
18323,1.0,-0.001016157326691146
18325,1.0,0.0020224049245924766
18466,1.0,-0.0016256079795175802
18486,0.0,0.0
18602,1.0,0.0005227136000709707
18617,1.0,0.0024833926233876723
18697,1.0,-0.0007599683468626928
18721,1.0,-0.02087046314953053
18749,1.0,-0.0019937915525340155
18804,1.0,0.0021973440683273823
18809,1.0,-0.0013236953769217906
18835,1.0,0.0008749423306668158
18855,1.0,0.001021775778364671
18927,1.0,0.0021294264775790156
18940,1.0,-0.003999496509278234
18945,1.0,0.006057131787666375
18965,1.0,0.0010447116420572587
19002,1.0,0.0030923808639829473
19023,1.0,0.0020433553873399103
19027,1.0,0.0023719319072271388
19067,0.0,0.0
19128,1.0,0.001794979141640343
19230,1.0,-0.0040373862754425425
19282,0.0,0.0
19341,1.0,-0.0055990557522245035
19353,1.0,0.00028669484182407105
19425,1.0,0.004203030380483075
19596,1.0,0.0033208911479150225
19632,1.0,0.01147771186845457
19775,1.0,0.00013905303277799634
19794,1.0,-0.001565654385713414
19818,1.0,0.004506469300290049
19913,1.0,0.004348599689492324
19953,1.0,0.0008847432720115388
19969,1.0,0.0019198023803110656
19990,1.0,0.004047227154137434
20039,1.0,0.003043448816528337
20084,1.0,-0.06161466984222557
20088,1.0,0.0012313551824848033
20111,1.0,0.0005190454442688961
20142,1.0,0.010063806474085217
20227,1.0,0.004336090921859316
20245,1.0,0.007421467551253274
20364,1.0,3.225192984361927e-05
20581,1.0,0.0038790037953815616
20687,1.0,0.000832504616194921
21006,1.0,0.003676238054908774
21033,1.0,0.0018474284722908296
21042,0.0,0.0
21062,1.0,-0.006799253361916389
21502,1.0,0.00025255917752908065
722,1.0,-0.00609466202081415
762,1.0,-0.0007299981026732826
774,1.0,0.00016989816428034094
1032,1.0,0.0011319984037377504
1253,1.0,-0.0031912835624253247
2017,1.0,-1.6145439277665853e-05
2246,1.0,0.002299315278329097
2308,0.0,0.0
2330,1.0,0.0019496144931758362
2372,1.0,0.0023817275482510268
2440,1.0,0.001888614557383339
2533,1.0,0.000970636862026265
2561,1.0,-0.0021938560310297874
2789,1.0,-0.0090415250745566
2943,1.0,-0.007680292646670892
3199,1.0,0.0037570397498355237
3452,0.0,0.0
3592,1.0,-0.0007429629793554743
4000,1.0,0.005734788958818014
4577,1.0,0.00795587176377742
5391,1.0,0.00759908106297243
5395,1.0,0.0011435841527288272
5550,1.0,0.001393736261818478
5717,1.0,-0.0005466888269329458
5736,1.0,-0.02854953138228685
5751,1.0,0.0004508872406585485
5844,1.0,-0.006318573717013576
6137,1.0,-0.001463752080686975
6192,1.0,0.005648860800559246
6249,1.0,0.0031850569876783474
6304,1.0,0.0022692388022983005
6406,1.0,0.0005928075020589848
6649,1.0,0.008925748440667361
6699,1.0,0.00922886205801875
6780,1.0,0.0032000199280252124
6933,0.0,0.0
6936,1.0,-0.0036956679650021807
7143,1.0,0.006763503054318486
7473,0.0,0.0
7475,1.0,0.003493217016317803
7512,0.0,0.0
7876,1.0,-8.907436741554766e-05
8046,1.0,0.005178867091085596
8213,0.0,0.0
8719,1.0,-0.0008826155338836044
10028,1.0,0.00025255917752908065
10434,1.0,0.0011435841527288272
10805,1.0,6.3881467250555805e-06
12843,1.0,0.002616752591443975
12853,1.0,-0.0038925427413562335
12855,0.0,0.0
12860,1.0,-0.0011564342367120573
12928,1.0,-0.0004291519039732448
12971,1.0,0.003574667807465525
12977,1.0,0.003803061852511674
13025,1.0,0.0010510388485516753
13045,1.0,0.0011648523748729127
13070,1.0,0.0022156057018076587
13072,0.0,0.0
13099,1.0,-0.0011993177520147058
13135,1.0,-0.014876781030542215
13305,1.0,-0.007618596684830623
13354,1.0,-0.038738584450613914
13506,1.0,0.002942476998031865
13511,1.0,-0.009915971378343215
13641,0.0,0.0
13655,1.0,-0.0021828873839069337
13727,1.0,-0.00047621535142214344
13757,0.0,0.0
13830,1.0,0.007079598618269872
13835,1.0,-0.0018049097907483613
13894,0.0,0.0
13934,1.0,0.0021963127079401446
14157,1.0,0.002508445266333725
14212,1.0,0.004208488698088388
14261,1.0,-0.008101974077079814
14284,1.0,-0.08304178320186328
14298,0.0,0.0
14437,0.0,0.0
14456,1.0,-0.005136051383553853
14481,1.0,0.0041952449065721705
14846,1.0,-0.004089688327708162
14984,1.0,-0.006040368857656565
15132,1.0,0.0022111353808459346
15171,1.0,-0.009423472984555708
15201,0.0,0.0
15203,1.0,-0.001152492163825636
15222,1.0,-0.00030924613380670356
15229,1.0,0.00402881602831901
15356,0.0,0.0
15365,1.0,0.001128897745876533
15425,1.0,0.0022167880916270683
15433,1.0,0.004200597413126513
15453,1.0,-8.419955104529845e-05
15466,1.0,-0.01154784286075139
15508,1.0,0.0006066909643993792
15584,1.0,0.003952379360629179
15648,1.0,0.000663159227430112
15674,1.0,-0.00526080370492665
15704,1.0,0.004531064303757484
15872,1.0,0.004327531509001022
15897,0.0,0.0
16069,1.0,0.001091293855413607
16072,1.0,-0.0006886285903729208
16100,0.0,0.0
16185,0.0,0.0
16232,1.0,0.003973993536215307
16259,1.0,-0.000772842898020257
16276,1.0,0.001561436446797028
16350,1.0,-0.0013950241145598173
17171,1.0,0.002616752591443975
17186,1.0,0.00025255917752908065
17208,0.0,0.0
17223,0.0,0.0
17253,1.0,0.0010714253662834953
17258,0.0,0.0
17280,1.0,0.0011396371615802995
17332,1.0,-0.015964585470597214
17340,1.0,-0.05695362155874282
17435,0.0,0.0
17605,1.0,-0.000324623449501167
17629,1.0,-0.01090450528839691
17801,1.0,0.004129605497197906
18091,1.0,0.003443545414066978
18415,1.0,0.0007193590735975971
18463,1.0,0.004559473237220264
18485,0.0,0.0
18604,1.0,0.0010034842188976346
18612,1.0,0.0011114691507199076
18650,1.0,0.0007015291509638864
18740,1.0,-0.002691098462813415
18768,1.0,-0.002126136236812766
18787,1.0,-0.0021004904304614976
18807,1.0,0.0021665402190576507
19008,1.0,0.0014709427020069663
19101,0.0,0.0
19174,1.0,0.001968986096140657
19207,1.0,0.00454008227095158
19543,1.0,0.0011435841527288272
19616,1.0,0.00219560076519761
19658,0.0,0.0
19702,1.0,-0.010314562015551915
19757,1.0,-0.009063317796657946
19940,1.0,-0.004805052370663993
19968,1.0,0.00025255917752908065
19992,1.0,0.0029068559646907204
20040,1.0,0.005407228460867325
20048,1.0,0.0014327968926480948
20064,1.0,0.00045884724372752847
20106,1.0,0.008097802005824436
20144,1.0,-0.0005800563138229431
20345,1.0,0.002449452170934326
20430,0.0,0.0
20625,1.0,0.0011199686231431834
20764,1.0,0.002265508098887954
21034,1.0,0.0007373704621395536
22075,1.0,0.0009607795012838356
2001ah,0.0,0.0
2001az,0.0,0.0
2001da,1.0,6.3881467250555805e-06
2001en,1.0,-0.0020228307184683232
2001fe,0.0,0.0
2001gb,1.0,-6.095145388935747e-05
2001G,0.0,0.0
2001ic,1.0,6.3881467250555805e-06
2001V,1.0,6.3881467250555805e-06
2002bf,1.0,6.3881467250555805e-06
2002bz,1.0,6.3881467250555805e-06
2002ck,1.0,-0.00010710950649545049
2002cr,0.0,0.0
2002de,1.0,-0.009529642462078792
2002dp,0.0,0.0
2002eu,0.0,0.0
2002G,1.0,6.3881467250555805e-06
2002ha,0.0,0.0
2002he,0.0,0.0
2002kf,0.0,0.0
2003ae,0.0,0.0
2003ch,0.0,0.0
2003cq,1.0,6.3881467250555805e-06
2003fa,0.0,0.0
2003hu,0.0,0.0
2003ic,1.0,-0.004033356965675282
2003it,1.0,6.3881467250555805e-06
2003iv,0.0,0.0
2003U,0.0,0.0
2004as,1.0,-0.0028454288924891226
2004L,1.0,-0.00021901922763396797
2005hc,1.0,6.3881467250555805e-06
2005hf,1.0,6.3881467250555805e-06
2005hj,0.0,0.0
2005ki,1.0,6.3881467250555805e-06
2005lu,0.0,0.0
2005lz,0.0,0.0
2005mc,1.0,-0.00044234263782800556
2005ms,0.0,0.0
2005na,0.0,0.0
2006ac,1.0,6.3881467250555805e-06
2006ah,0.0,0.0
2006ak,1.0,6.3881467250555805e-06
2006al,1.0,-0.001337059307929974
2006ax,0.0,0.0
2006bb,1.0,6.3881467250555805e-06
2006bq,1.0,6.3881467250555805e-06
2006bw,1.0,6.3881467250555805e-06
2006cj,1.0,-0.00020548046756876682
2006cp,1.0,6.3881467250555805e-06
2006cq,1.0,-0.0021575544993347588
2006en,1.0,6.3881467250555805e-06
2006gr,1.0,6.3881467250555805e-06
2006gt,1.0,-0.00023353782324768782
2006hb,0.0,0.0
2006is,0.0,0.0
2006je,1.0,6.3881467250555805e-06
2006mo,1.0,6.3881467250555805e-06
2006mp,0.0,0.0
2006N,0.0,0.0
2006oa,1.0,0.00025255917752908065
2006ob,1.0,0.00025255917752908065
2006on,1.0,0.00025255917752908065
2006or,1.0,6.3881467250555805e-06
2006qo,0.0,0.0
2006sr,1.0,6.3881467250555805e-06
2006td,0.0,0.0
2006te,1.0,6.3881467250555805e-06
2007ae,1.0,0.00025255917752908065
2007ap,1.0,6.3881467250555805e-06
2007ar,1.0,0.00025255917752908065
2007bd,1.0,6.3881467250555805e-06
2007co,0.0,0.0
2007cq,1.0,6.3881467250555805e-06
2007F,1.0,6.3881467250555805e-06
2007O,1.0,6.3881467250555805e-06
2008af,1.0,6.3881467250555805e-06
2008bf,0.0,0.0
2008L,1.0,6.3881467250555805e-06
2007A,1.0,6.3881467250555805e-06
2007aj,0.0,0.0
2007cb,0.0,0.0
2007cc,0.0,0.0
2007fb,1.0,6.3881467250555805e-06
2007hu,1.0,6.3881467250555805e-06
2007is,1.0,6.3881467250555805e-06
2007kh,0.0,0.0
2007kk,1.0,-0.0208519077303265
2007ob,1.0,6.3881467250555805e-06
2007su,1.0,6.3881467250555805e-06
2007ux,1.0,6.3881467250555805e-06
2008C,0.0,0.0
2008Y,1.0,-0.0027112241822083902
2008ac,0.0,0.0
2008ar,1.0,6.3881467250555805e-06
2008at,0.0,0.0
2008bw,0.0,0.0
2008by,1.0,6.3881467250555805e-06
2008bz,0.0,0.0
2008cf,0.0,0.0
2008ds,0.0,0.0
2008fr,1.0,6.3881467250555805e-06
2008gb,0.0,0.0
2008gl,1.0,-0.007383669132941982
2009D,0.0,0.0
2009ad,0.0,0.0
2009an,0.0,0.0
2009ds,0.0,0.0
2008050,0.0,0.0
2008051,1.0,6.3881467250555805e-06
2009kk,0.0,0.0
2009kq,1.0,6.3881467250555805e-06
2009le,0.0,0.0
2009na,1.0,-0.006024770267947833
2009nq,1.0,6.3881467250555805e-06
2010A,1.0,-0.00027766783961698824
2010H,0.0,0.0
2010Y,1.0,6.3881467250555805e-06
2010dt,0.0,0.0
PTF10bjs,1.0,-0.0001687368336289424
2004ef,1.0,6.3881467250555805e-06
2004eo,0.0,0.0
2004ey,1.0,6.3881467250555805e-06
2004gu,1.0,-0.0009431596193905211
2005be,1.0,6.3881467250555805e-06
2005bo,0.0,0.0
2005el,0.0,0.0
2005eq,1.0,-0.005633015257558967
2005iq,0.0,0.0
2005kc,1.0,6.3881467250555805e-06
2005M,1.0,-0.0004424089955660222
2006bh,0.0,0.0
2006ef,0.0,0.0
2006ej,1.0,6.3881467250555805e-06
2006eq,1.0,6.3881467250555805e-06
2006et,1.0,6.3881467250555805e-06
2006ev,0.0,0.0
2006lu,0.0,0.0
2006py,0.0,0.0
2007bc,1.0,6.3881467250555805e-06
2007ca,0.0,0.0
2007nq,1.0,-0.011387783500053693
2008bq,0.0,0.0
2008gp,0.0,0.0
2008hv,0.0,0.0
1993ac,1.0,-0.0010966243541557586
1993ae,0.0,0.0
1994M,1.0,6.3881467250555805e-06
1994Q,1.0,6.3881467250555805e-06
1994S,0.0,0.0
1995ak,1.0,6.3881467250555805e-06
1996bl,1.0,6.3881467250555805e-06
1996bv,0.0,0.0
1996C,1.0,6.3881467250555805e-06
1997dg,0.0,0.0
1997E,0.0,0.0
1997Y,1.0,6.3881467250555805e-06
1998dk,1.0,6.3881467250555805e-06
1998dx,0.0,0.0
1998ec,0.0,0.0
1998ef,1.0,6.3881467250555805e-06
1998eg,1.0,6.3881467250555805e-06
1999cc,1.0,6.3881467250555805e-06
1999dq,0.0,0.0
1999ef,1.0,-0.007805158364379857
1999ej,1.0,6.3881467250555805e-06
1999X,1.0,6.3881467250555805e-06
2000B,0.0,0.0
2000cf,0.0,0.0
2000cn,0.0,0.0
2000dk,0.0,0.0
2000fa,0.0,0.0
6,0.0,0.0
11,0.0,0.0
34,0.0,0.0
91,1.0,0.001673633440014156
142,1.0,0.008292232026101166
190,1.0,0.0008274947217371345
199,1.0,-0.015448623030814837
215,1.0,0.0038309329814468426
236,1.0,0.0018921160571518255
420,0.0,0.0
10026,1.0,6.3881467250555805e-06
20027,1.0,-0.05012529909699104
20096,1.0,-0.05179646141931618
20176,1.0,-0.015050170737822279
30066,1.0,-0.004483108121552401
40137,1.0,0.0071791276599623526
40166,1.0,0.006858707758511662
40782,0.0,0.0
50005,1.0,-0.0364902473716571
50203,0.0,0.0
50251,1.0,0.0023384813051248836
50293,1.0,-0.034858007723038154
50301,1.0,-0.0005802592751116675
50607,1.0,-0.003498956230554781
70955,1.0,0.005019741215365907
80723,1.0,-0.019507217404255036
90201,0.0,0.0
91869,1.0,0.003267938267523581
100090,1.0,0.0023986970652673145
100163,1.0,0.0013182264812902668
100213,0.0,0.0
100405,0.0,0.0
110033,1.0,0.003028547399637056
110478,0.0,0.0
110536,0.0,0.0
110567,0.0,0.0
110719,1.0,-0.005572189570876164
110734,1.0,0.008933891725787135
120085,0.0,0.0
120094,1.0,0.005255439803502175
120336,1.0,0.001467954675788021
120400,1.0,0.006691598253669928
120585,0.0,0.0
130308,1.0,0.00025255917752908065
130514,1.0,0.0011435841527288272
130862,1.0,0.005828259722524824
140181,1.0,0.0010865459130840083
150509,1.0,-0.0022443159017287665
151034,1.0,-0.0003451514669179658
160039,1.0,0.0025856383197611355
160099,1.0,0.001066375672682812
160197,0.0,0.0
160200,1.0,-0.035468777821730746
170428,0.0,0.0
180166,0.0,0.0
180561,1.0,0.00226688430013982
190230,1.0,0.000964835442792995
190260,1.0,0.0011435841527288272
300105,1.0,-5.548730552953923e-05
310025,1.0,0.0013877296473485154
310042,0.0,0.0
310073,0.0,0.0
310091,0.0,0.0
310161,1.0,0.001460866490536018
310238,1.0,0.002179266249536402
310574,0.0,0.0
320258,1.0,0.00941993927923259
330022,1.0,-0.00601886140091849
330089,1.0,-0.000317897974004621
330128,1.0,0.00726538440149524
330146,1.0,0.0011435841527288272
340334,0.0,0.0
350047,1.0,0.0034420136491603755
350078,0.0,0.0
350083,1.0,-0.006506952876240453
350233,0.0,0.0
350316,1.0,0.00025255917752908065
350548,1.0,0.00018860236828883254
360112,1.0,-0.012254565054082211
360140,1.0,0.0031042676172108714
360156,0.0,0.0
370098,0.0,0.0
370308,1.0,0.0008217314572910627
370333,1.0,-0.0002226909896451597
370356,1.0,6.3881467250555805e-06
370369,0.0,0.0
370428,1.0,-0.00233243079011139
370563,1.0,-0.0005585281496654688
380279,1.0,-0.0011114820842248654
380378,1.0,0.0006207512397357895
390264,0.0,0.0
390471,0.0,0.0
420100,1.0,-0.0125442852441113
420159,1.0,0.00125587567027467
420258,1.0,0.0014162933603183879
420407,1.0,0.0049428455677567144
420417,1.0,-0.03498108642752938
430004,1.0,-0.023532992944971246
440008,0.0,0.0
440042,0.0,0.0
440162,1.0,0.00890396348130949
440509,1.0,0.010677809608545322
450175,0.0,0.0
460003,1.0,0.002507899133724531
460037,0.0,0.0
460105,1.0,0.0011245541611877054
470008,0.0,0.0
470041,0.0,0.0
470232,0.0,0.0
470244,1.0,0.0017700175996817231
480064,1.0,-0.004170096207121212
480464,1.0,-0.0033255132445719447
490008,1.0,0.0011435841527288272
490521,1.0,-0.0166649446816775
500004,1.0,0.006603911932633362
500057,1.0,0.0006175217253972225
500100,1.0,0.009959554102936011
500504,1.0,-0.007253722904478465
510251,1.0,0.00415622874223188
510457,1.0,0.02398030013667683
510578,1.0,0.002855622515502426
510638,0.0,0.0
520019,1.0,0.006343976162721539
520023,1.0,-0.0018166732416579762
520062,0.0,0.0
520077,1.0,0.00563687098205623
520188,1.0,0.005974634318076696
530112,1.0,0.007889620587574659
530219,0.0,0.0
540163,1.0,0.006267409096640703
550041,1.0,0.00465540186776215
550096,0.0,0.0
550154,1.0,0.0031824237617888054
550218,0.0,0.0
560087,1.0,0.008833922239730072
560121,1.0,0.0021805233708262345
560152,1.0,0.0028083924997345895
570025,1.0,-0.010146939082660998
570062,1.0,0.0011402552373640672
580235,0.0,0.0
580275,0.0,0.0
580300,1.0,0.002752217093985685
590005,1.0,0.0014895254966137248
200132,0.0,0.0
350180,0.0,0.0
10,1.0,-0.003653248164851037
14,1.0,-0.005172446862858213
38,1.0,0.0022205223815637597
137,1.0,-0.0009846704513230126
174,1.0,-0.017934208685507425
196,0.0,0.0
202,0.0,0.0
220,0.0,0.0
10010,1.0,-5.4365352844542604e-05
20090,1.0,-0.11731026731188055
30006,1.0,0.021952896628538658
40150,0.0,0.0
40201,1.0,0.004351551219502281
40780,1.0,-0.016363206390313363
50003,0.0,0.0
50201,1.0,-0.011719715634897529
50291,1.0,-0.0003735899589363788
50296,1.0,-0.019685603082672386
50303,0.0,0.0
50580,1.0,0.012545220937084833
70242,1.0,0.00025255917752908065
80064,0.0,0.0
80646,0.0,0.0
90037,1.0,-0.005950193689354573
90275,0.0,0.0
100101,1.0,0.012245476655702626
100206,0.0,0.0
100358,1.0,0.008175000536815615
110425,1.0,0.009114643551522045
110430,1.0,0.006160504403858128
110460,0.0,0.0
110484,0.0,0.0
110542,1.0,0.021349755576351947
110716,1.0,0.005809751991260679
110721,1.0,0.0022314398748414233
120044,1.0,-0.008272790059928096
120086,1.0,-0.0020092653775739718
120143,1.0,0.0011417940661290911
120369,1.0,0.007763815356664698
120444,0.0,0.0
120586,0.0,0.0
130755,1.0,0.0031507250073265014
140152,0.0,0.0
150254,1.0,-0.010232321717597083
150457,1.0,0.010410549833880945
160070,1.0,-0.011719138546689588
160126,1.0,-0.008906894817366758
160198,1.0,-0.008583296839578555
160214,1.0,-0.14016726330851836
170078,1.0,-0.03846815018153118
180313,0.0,0.0
190209,1.0,0.006618332249591012
190340,1.0,0.0010519049531439678
300179,1.0,-0.011908971044130004
310039,0.0,0.0
310051,1.0,-0.030373394976971703
310090,1.0,-0.007390076641440908
310146,0.0,0.0
310188,1.0,-0.002339214142105382
310260,1.0,0.0029275826869628457
320099,1.0,0.0005966018413474938
320469,1.0,-0.000454907924799167
330023,1.0,0.0019234860062532911
330083,0.0,0.0
340229,1.0,0.0009344021807641482
350027,1.0,0.0025457907046893147
350050,1.0,-0.011411330732419078
350080,1.0,-0.0010082473543974596
350192,1.0,0.005448804620822599
350235,0.0,0.0
350374,1.0,0.015559661277417758
350630,1.0,0.00974707024796742
360139,1.0,0.006363745509083808
360145,1.0,-0.010492431862476682
370066,1.0,0.00025255917752908065
370329,1.0,0.0036062742322322885
370344,1.0,0.0073535069255464755
370367,0.0,0.0
370394,0.0,0.0
370498,0.0,0.0
370566,1.0,0.0002432346005688131
370595,1.0,0.0022796217489322876
380318,1.0,0.00598097108384629
390259,0.0,0.0
390449,0.0,0.0
390627,1.0,0.002255996899190006
420196,1.0,0.004988995030729602
420352,1.0,-0.0044097903376764825
420414,1.0,0.007229473585081681
430003,1.0,0.01069937652312778
440005,0.0,0.0
440050,1.0,0.0055432131945738075
440236,1.0,-0.001312120526916944
440285,1.0,0.0015225590995020565
440643,0.0,0.0
450082,0.0,0.0
450339,1.0,-0.002436388736593985
460064,0.0,0.0
470015,0.0,0.0
470043,0.0,0.0
470110,0.0,0.0
480184,1.0,-0.027893684870638633
490007,1.0,-0.0011407751863823793
490037,1.0,-0.12889909206239025
500038,1.0,-0.004132504376928281
500065,1.0,0.0010891129096869843
500301,1.0,-0.008458274899539401
500511,0.0,0.0
510113,0.0,0.0
510266,1.0,-0.05562337239354301
510550,0.0,0.0
510597,1.0,0.005414225289966188
520022,1.0,0.0011435841527288272
520041,1.0,0.004926078367717128
520071,1.0,0.01190985562578412
530037,0.0,0.0
530086,1.0,6.3881467250555805e-06
530251,0.0,0.0
550005,0.0,0.0
550059,1.0,0.009296974468436036
550137,1.0,-0.04691816511549145
550202,1.0,-0.035632088271065065
560027,1.0,0.023021823431450907
560054,1.0,0.01101466731521689
560150,1.0,0.0021345114924937823
570022,1.0,0.009585236837326714
570056,1.0,-0.0077357840151957066
580104,1.0,0.009161514848254566
580270,1.0,-0.0019337572233933346
580276,0.0,0.0
590031,1.0,0.0022615936139079584
590194,1.0,0.00025255917752908065
520016,1.0,0.0027867900890107475
380199,0.0,0.0
vespesian,0.0,0.0
washington,0.0,0.0
carter,0.0,0.0
Primo,0.0,0.0
geta,0.0,0.0
stone,0.0,0.0
colfax,0.0,0.0
wilson,0.0,0.0
Aphrodite,0.0,0.0
Borg,0.0,0.0
Eagle,0.0,0.0
Frodo,0.0,0.0
Gabi,0.0,0.0
Koekemoer,0.0,0.0
Lancaster,0.0,0.0
Manipogo,0.0,0.0
Mcguire,0.0,0.0
Ombo,0.0,0.0
Patuxent,0.0,0.0
Rakke,0.0,0.0
Sasquatch,0.0,0.0
Thoth,0.0,0.0
Vilas,0.0,0.0
SCP05D0,0.0,0.0
SCP05D6,0.0,0.0
SCP06C0,0.0,0.0
